Herb name in Pinyin,Herb Property,Herb Meridian Tropism,Herb Flavor
AI YE,Warm,"Liver meridian,Spleen meridian,Kidney meridian","Bitter,Pungent"
AN XI XIANG,Warm,"Liver meridian,Spleen meridian,Heart meridian","Bitter,Pungent"
BA JIAO HUI XIANG,Warm,"Spleen meridian,Kidney meridian","Sweet,Pungent"
BA DOU,Hot,"Large intestine meridian,Stomach meridian",Pungent
BA DOU SHUANG,Hot,"Large intestine meridian,Stomach meridian",Pungent
BA JI TIAN,Warm,"Liver meridian,Kidney meridian","Sweet,Pungent"
BA QIA,Even,"Liver meridian,Kidney meridian","Sweet,Astringent,Mildly bitter"
BAI BIAN DOU,Mildly warm,"Spleen meridian,Stomach meridian",Sweet
BAI FU ZI,Warm,"Liver meridian,Stomach meridian",Pungent
BAI GUO,Even,"Lung meridian,Kidney meridian","Sweet,Bitter,Astringent"
BAI JI,Cool,Lung meridian,"Sweet,Bitter"
BAI LIAN,Cool,"Liver meridian,Spleen meridian,Heart meridian","Sweet,Bitter,Pungent"
BAI MAO GEN,Cold,"Lung meridian,Stomach meridian,Small intestine meridianOthers meridian",Sweet
BAI QIAN,Mildly warm,Lung meridian,"Bitter,Pungent"
BAI QU CAI,Cool,"Lung meridian,Stomach meridian",Bitter
BAI SHAO,Mildly cold,"Liver meridian,Spleen meridian","Bitter,Sour"
BAI ZHU,Warm,"Spleen meridian,Stomach meridian","Sweet,Bitter"
BAI TOU WENG,Cold,"Large intestine meridian,Liver meridian,Stomach meridian",Bitter
BAI WEI,Cold,"Liver meridian,Kidney meridian,Stomach meridian","Bitter,Salty"
BAI XIAN PI,Cold,"Bladder meridian,Spleen meridian,Stomach meridian",Bitter
BAI ZHI,Warm,"Large intestine meridian,Lung meridian,Stomach meridian",Pungent
BAI BU,Mildly warm,Lung meridian,"Sweet,Bitter"
BAI HE,Cold,"Lung meridian,Heart meridian",Sweet
BAI ZI REN,Even,"Liver meridian,Spleen meridian,Heart meridian",Sweet
BAN LAN GEN,Cold,"Stomach meridian,Heart meridian",Bitter
BAN BIAN LIAN,Even,"Lung meridian,Small intestine meridian,Heart meridianOthers meridian",Pungent
BAN XIA,Warm,"Spleen meridian,Stomach meridian",Pungent
BAN ZHI LIAN,Cold,"Lung meridian,Liver meridian,Kidney meridian","Bitter,Pungent"
BO HE,Cool,"Liver meridian,Lung meridian",Pungent
BEI DOU GEN,Cold,"Large intestine meridian,Lung meridian,Stomach meridian",Bitter
BEI LIU JI NU,Warm,"Spleen meridian,Heart meridian",Bitter
BEI SHA SHEN,Cool,"Lung meridian,Spleen meridian","Bland,Sweet,Bitter"
BI BO,Hot,"Spleen meridian,Stomach meridian",Pungent
BI CHENG QIE,Warm,"Spleen meridian,Kidney meridian",Pungent
BI MA ZI,Even,"Large intestine meridian,Lung meridian","Sweet,Pungent"
BIAN XU,Mildly cold,Bladder meridian,Bitter
BIN LANG,Warm,"Large intestine meridian,Spleen meridian,Stomach meridian","Bitter,Pungent"
BING PIAN,Cool,"Lung meridian,Heart meridian","Bitter,Pungent"
BU GU ZHI,Warm,Kidney meridian,Pungent
CANG ER ZI,Warm,"Lung meridian,Liver meridian",Sweet
CANG ZHU,Warm,"Spleen meridian,Stomach meridian","Bitter,Pungent"
CAO DOU KOU,Warm,"Spleen meridian,Stomach meridian",Pungent
CAO GUO,Warm,"Spleen meridian,Stomach meridian",Pungent
CAO WU,Hot,"Liver meridian,Spleen meridian,Heart meridian","Bitter,Pungent"
CE BAI YE,Cold,"Large intestine meridian,Liver meridian,Heart meridian","Bitter,Astringent"
CHAI HU,Mildly cold,"Gallbladder meridian,Lung meridian,Liver meridian","Bitter,Pungent"
CHANG SHAN,Cold,"Liver meridian,Spleen meridian","Bitter,Pungent"
CHE QIAN CAO,Cold,"Bladder meridian,Kidney meridian",Sweet
CHE QIAN ZI,Cold,"Bladder meridian,Kidney meridian",Sweet
CHEN XIANG,Warm,"Spleen meridian,Kidney meridian,Stomach meridian","Bitter,Pungent"
CHEN PI,Warm,"Lung meridian,Spleen meridian","Bitter,Pungent"
CHI SHAO,Cool,"Liver meridian,Spleen meridian","Bitter,Sour"
CHI XIAO DOU,Even,"Small intestine meridian,Heart meridianOthers meridian","Sweet,Sour"
CHUAN BEI MU,Cool,Lung meridian,"Sweet,Bitter"
CHUAN LIAN ZI,Cold,"Bladder meridian,Liver meridian,Small intestine meridianOthers meridian",Bitter
CHUAN MU TONG,Cold,"Bladder meridian,Small intestine meridian,Heart meridianOthers meridian",Bitter
CHUAN MU XIANG,Warm,"Large intestine meridian,Gallbladder meridian,Spleen meridian,Stomach meridian","Bitter,Pungent"
CHUAN NIU XI,Even,"Liver meridian,Kidney meridian","Sweet,Bitter,Sour"
CHUAN WU,Hot,"Liver meridian,Spleen meridian,Kidney meridian,Heart meridian","Bitter,Pungent"
CHUAN XIONG,Warm,"Gallbladder meridian,Liver meridian",Pungent
CHUAN SHAN LONG,Mildly cold,"Lung meridian,Liver meridian",Bitter
CHUAN XIN LIAN,Cold,"Bladder meridian,Large intestine meridian,Lung meridian,Heart meridian",Bitter
CHUI PEN CAO,Cool,"Gallbladder meridian,Liver meridian,Small intestine meridianOthers meridian",Sweet
CI WU JIA,Warm,"Spleen meridian,Kidney meridian,Heart meridian","Mildly bitter,Pungent"
DA HUANG,Cold,"Large intestine meridian,Liver meridian,Stomach meridian",Bitter
DA JI,Cool,"Liver meridian,Heart meridian","Sweet,Bitter"
DA QING YE,Cold,"Liver meridian,Stomach meridian,Heart meridian",Bitter
DA SUAN,Warm,"Lung meridian,Spleen meridian,Stomach meridian",Pungent
DA XUE TENG,Even,"Large intestine meridian,Liver meridian",Bitter
DA YE ZI ZHU,Even,"Lung meridian,Liver meridian,Stomach meridian","Bitter,Pungent"
DA ZAO,Warm,"Spleen meridian,Stomach meridian,Heart meridian",Sweet
DA ZAO JIAO,Warm,"Large intestine meridian,Lung meridian","Salty,Pungent"
DAN SHEN,Mildly warm,"Liver meridian,Heart meridian",Bitter
DAN ZHU YE,Cold,"Stomach meridian,Small intestine meridian,Heart meridianOthers meridian","Bland,Sweet"
DANG GUI,Warm,"Liver meridian,Spleen meridian,Heart meridian","Sweet,Pungent"
DANG YAO,Cold,"Large intestine meridian,Liver meridian,Stomach meridian",Bitter
DANG SHEN,Even,"Lung meridian,Spleen meridian",Sweet
DAO DOU,Warm,"Kidney meridian,Stomach meridian",Sweet
DENG XIN CAO,Mildly cold,"Lung meridian,Small intestine meridian,Heart meridianOthers meridian","Bland,Sweet"
DENG ZHAN XI XIN,Warm,"Liver meridian,Heart meridian","Mildly bitter,Pungent"
DI GU PI,Cold,"Liver meridian,Lung meridian",Sweet
DI HUANG,Cool,"Heart meridian, Liver meridian, Kidney meridian","Sweet,Bitter"
DI YU,Mildly cold,"Large intestine meridian,Liver meridian","Bitter,Astringent,Sour"
DIAN QIE CAO,N/A,N/AOthers meridian,"Mildly bitter,Pungent"
DING GONG TENG,Warm,"Liver meridian,Spleen meridian,Stomach meridian",Pungent
DING XIANG,Warm,"Lung meridian,Spleen meridian,Kidney meridian,Stomach meridian",Pungent
DONG GUA PI,Cool,"Spleen meridian,Small intestine meridianOthers meridian",Sweet
DONG LING CAO,Mildly cold,"Lung meridian,Liver meridian,Stomach meridian","Sweet,Bitter"
DOU KOU,Warm,"Lung meridian,Spleen meridian,Stomach meridian",Pungent
DU HUO,Mildly warm,"Bladder meridian,Kidney meridian","Bitter,Pungent"
DU YI WEI,Even,Liver meridian,"Sweet,Bitter"
DU ZHONG,Warm,"Liver meridian,Kidney meridian",Sweet
DU ZHONG YE,Cold,"Liver meridian,Kidney meridian","Sweet,Bitter"
E ZHU,N/A,"Liver meridian,Spleen meridian","Bitter,Pungent"
E BU SHI CAO,Warm,Lung meridian,Pungent
FAN XIE YE,Cold,Large intestine meridian,"Sweet,Bitter"
FANG FENG,Mildly warm,"Bladder meridian,Liver meridian,Spleen meridian","Sweet,Pungent"
FANG JI,Cold,"Bladder meridian,Lung meridian",Bitter
FO SHOU,Warm,"Lung meridian,Liver meridian,Spleen meridian,Stomach meridian","Bitter,Sour,Pungent"
FU LING,Even,"Lung meridian,Spleen meridian,Kidney meridian,Heart meridian","Bland,Sweet"
FU PING,Cold,Lung meridian,Pungent
FU ZI,Great hot,"Spleen meridian,Kidney meridian,Heart meridian","Sweet,Pungent"
FU PEN ZI,Warm,N/AOthers meridian,"Sweet,Sour"
GAN CAO,Even,"Lung meridian,Spleen meridian,Stomach meridian,Heart meridian",Sweet
GAN SONG,Warm,"Spleen meridian,Stomach meridian","Sweet,Pungent"
GAN SUI,Cold,"Large intestine meridian,Lung meridian,Stomach meridian",Bitter
GAN JIANG,Hot,"Lung meridian,Spleen meridian,Kidney meridian,Stomach meridian,Heart meridian",Pungent
GONG BAN GUI,Mildly cold,"Bladder meridian,Lung meridian",Sour
GAO LIANG JIANG,Hot,"Spleen meridian,Stomach meridian",Pungent
GAO BEN,Warm,Bladder meridian,Pungent
GE GEN,Cool,"Lung meridian,Spleen meridian,Stomach meridian","Sweet,Pungent"
GOU TENG,Cool,"Liver meridian,Pericardium meridianOthers meridian",Sweet
GOU GU YE,Even,Stomach meridian,"Bitter,Astringent"
GOU QI ZI,Even,"Liver meridian,Kidney meridian",Sweet
GU JING CAO,Even,"Lung meridian,Liver meridian","Sweet,Pungent"
GU SUI BU,Warm,"Liver meridian,Kidney meridian",Bitter
GUA LOU,Cold,"Large intestine meridian,Lung meridian,Stomach meridian","Sweet,Mildly bitter"
GUANG HUO XIANG,Warm,"Spleen meridian, Stomach meridian, Lung meridian",Pungent
GUANG JIN QIAN CAO,Cool,"Bladder meridian,Liver meridian,Kidney meridian",Sweet
GUI ZHI,Warm,"Bladder meridian,Lung meridian,Heart meridian","Sweet,Pungent"
HAI FENG TENG,Mildly warm,Liver meridian,"Bitter,Pungent"
HAI JIN SHA,Cold,"Bladder meridian,Small intestine meridianOthers meridian","Sweet,Salty"
HAI ZAO （YANG QI CAI ）,Cold,"Liver meridian,Triple burner meridian,Kidney meridian,Stomach meridianOthers meridian","Bitter,Salty"
HE ZI,Even,"Large intestine meridian,Lung meridian","Bitter,Astringent,Sour"
HE HUAN HUA,Even,"Liver meridian,Heart meridian",Sweet
HE HUAN PI,Even,"Lung meridian,Liver meridian,Heart meridian",Sweet
HE SHOU WU,Mildly warm,"Liver meridian,Kidney meridian,Heart meridian","Sweet,Bitter,Astringent"
HE YE,Even,"Liver meridian,Spleen meridian,Stomach meridian",Bitter
HEI DOU,Even,"Spleen meridian,Kidney meridian",Sweet
HEI ZHI MA,Even,"Large intestine meridian,Liver meridian,Kidney meridian",Sweet
HEI ZHONG CAO ZI,Warm,N/AOthers meridian,"Sweet,Pungent"
HONG SHEN,Warm,"Lung meridian,Spleen meridian,Triple burner meridian,Kidney meridian,Heart meridianOthers meridian","Sweet,Mildly bitter"
HONG HUA,Warm,"Liver meridian,Heart meridian",Pungent
HONG JING TIAN,Even,"Lung meridian,Heart meridian","Sweet,Bitter"
HOU PU,Warm,"Large intestine meridian,Lung meridian,Spleen meridian,Stomach meridian","Bitter,Pungent"
HU HUANG LIAN,Cold,"Large intestine meridian,Liver meridian,Stomach meridian",Bitter
HU JIAO,Hot,"Large intestine meridian,Stomach meridian",Pungent
HU LU BA,Warm,Kidney meridian,Bitter
HU JI SHENG,Even,"Liver meridian,Kidney meridian",Bitter
HU ZHANG,Mildly cold,"Gallbladder meridian,Lung meridian,Liver meridian",Mildly bitter
HUA JIAO,Warm,"Spleen meridian,Kidney meridian,Stomach meridian",Pungent
HUA JU HONG,Warm,"Lung meridian, Spleen meridian","Pungent,Bitter"
HUAI HUA,Mildly cold,"Large intestine meridian,Liver meridian",Bitter
HUAI JIAO,Cold,"Large intestine meridian,Liver meridian",Bitter
HUANG BAI,Cold,"Bladder meridian,Kidney meridian",Bitter
HUANG JING,Even,"Lung meridian,Spleen meridian,Kidney meridian",Sweet
HUANG LIAN,Cold,"Large intestine meridian,Gallbladder meridian,Liver meridian,Spleen meridian,Stomach meridian,Heart meridian",Bitter
HUANG QI,Mildly warm,"Lung meridian,Spleen meridian",Sweet
HUANG QIN,Cold,"Large intestine meridian,Gallbladder meridian,Lung meridian,Spleen meridian,Small intestine meridianOthers meridian",Bitter
HUANG SHAN YAO,Even,"Stomach meridian,Heart meridian","Bitter,Mildly pungent"
HUANG SHU KUI HUA,Cold,"Bladder meridian,Kidney meridian",Sweet
HUO MA REN,Even,"Large intestine meridian,Spleen meridian,Stomach meridian",Sweet
JI GU CAO,Cool,"Liver meridian,Stomach meridian","Sweet,Mildly bitter"
JI GUAN HUA,Cool,"Large intestine meridian,Liver meridian","Sweet,Astringent"
JI XUE TENG,Warm,"Liver meridian,Kidney meridian","Sweet,Bitter"
JI XUE CAO,Cold,"Liver meridian,Spleen meridian,Kidney meridian","Bitter,Pungent"
JI XING ZI,Warm,"Lung meridian,Liver meridian","Mildly bitter,Pungent"
JI LI,Mildly warm,Liver meridian,"Bitter,Pungent"
JIANG HUANG,Warm,"Liver meridian,Spleen meridian","Bitter,Pungent"
JIANG XIANG,Warm,"Liver meridian,Spleen meridian",Pungent
JIAO ZHI ZI,Cold,"Lung meridian,Triple burner meridian,Heart meridianOthers meridian",Bitter
JIE ZI,Warm,Lung meridian,Pungent
JIN FEI CAO,Warm,"Large intestine meridian,Lung meridian","Bitter,Salty,Pungent"
JIN GUO LAN,Cold,"Large intestine meridian,Lung meridian",Bitter
JIN QIAN CAO,Mildly cold,"Bladder meridian,Gallbladder meridian,Liver meridian,Kidney meridian","Sweet,Salty"
JIN TIE SUO,Warm,Liver meridian,"Bitter,Pungent"
JIN YIN HUA,Cold,"Lung meridian,Stomach meridian,Heart meridian",Sweet
JIN YING ZI,Even,"Bladder meridian,Large intestine meridian,Kidney meridian","Sweet,Astringent,Sour"
JIN GU CAO,Cold,Lung meridian,Bitter
JING JIE,Mildly warm,"Lung meridian,Liver meridian","Astringent,Pungent"
JIU LI XIANG,Warm,N/AOthers meridian,"Mildly bitter,Pungent"
JIU CAI ZI,Warm,"Liver meridian,Kidney meridian","Sweet,Pungent"
JIU BI YING,Cold,"Large intestine meridian,Lung meridian,Liver meridian,Stomach meridian",Bitter
JIE GENG,Even,Lung meridian,"Bitter,Pungent"
JU HUA,Mildly cold,"Lung meridian,Liver meridian","Sweet,Bitter"
JU JU,Cool,"Gallbladder meridian,Liver meridian,Stomach meridian","Mildly bitter,Salty"
JU HE,Even,"Liver meridian,Kidney meridian",Bitter
JUAN BAI,Even,"Liver meridian,Heart meridian",Pungent
JUE MING ZI,Mildly cold,"Large intestine meridian,Liver meridian","Sweet,Bitter,Salty"
KE TENG ZI,Cool,"Liver meridian,Spleen meridian,Kidney meridian,Stomach meridian",Mildly bitter
KU SHEN,Cold,"Bladder meridian,Large intestine meridian,Liver meridian,Stomach meridian,Heart meridian",Bitter
KU DI DING,Cold,"Large intestine meridian,Liver meridian,Heart meridian",Bitter
KU LIAN PI,Cold,"Liver meridian,Spleen meridian,Stomach meridian",Bitter
KU MU,Cold,"Large intestine meridian,Lung meridian",Bitter
KU XING REN,Warm,"Lung meridian, Large intestine meridian",Bitter
KU XUAN SHEN,Cold,"Lung meridian,Liver meridian,Stomach meridian",Bitter
KUAN DONG HUA,Warm,Lung meridian,"Mildly bitter,Pungent"
KUN BU,Cold,"Liver meridian,Kidney meridian,Stomach meridian",Salty
LA JIAO,Hot,"Spleen meridian,Heart meridian",Pungent
LAI FU ZI,Mildly cold,"Lung meridian,Liver meridian,Stomach meridian","Sweet,Bitter"
LANG DU,Even,"Liver meridian,Spleen meridian",Pungent
LAO GUAN CAO,Even,"Liver meridian,Spleen meridian,Kidney meridian","Bitter,Pungent"
LEI GONG TENG,Cool,"Liver meridian,Triple burner meridian,Kidney meridianOthers meridian","Bitter,Pungent"
LIAN QIAN CAO,Mildly cold,"Bladder meridian,Liver meridian,Kidney meridian","Mildly bitter,Pungent"
LIAN QIAO,Mildly cold,"Lung meridian,Small intestine meridian,Heart meridianOthers meridian",Bitter
LIAN ZI,Even,"Spleen meridian,Kidney meridian,Heart meridian","Sweet,Astringent"
LIAN ZI XIN,Cold,"Kidney meridian,Heart meridian",Bitter
LIANG MIAN ZHEN,Even,"Liver meridian, Stomach meridian","Bitter,Pungent"
LIAO DA QING YE,Cold,"Stomach meridian,Heart meridian",Bitter
LING ZHI,Even,"Lung meridian,Liver meridian,Kidney meridian,Heart meridian",Sweet
LONG DAN,Cold,"Gallbladder meridian,Liver meridian",Bitter
LONG KUI,Cold,"Bladder meridian,Liver meridian,Kidney meridian","Bitter,Mildly sweet"
LONG YAN ROU,Warm,Heart and spleen meridiansOthers meridian,Sweet
LOU LU,Cold,Stomach meridian,Bitter
LU GEN,Cold,"Bladder meridian,Lung meridian,Stomach meridian",Sweet
LU HUI,Cold,"Large intestine meridian,Liver meridian",Bitter
LU XIAN CAO,N/A,N/AOthers meridian,N/A
LU LU TONG,Even,"Bladder meridian,Liver meridian",Bitter
LUO BU MA YE,Cool,Liver meridian,"Sweet,Bitter"
LUO HAN GUO,Cool,"Spleen meridian,Spleen meridian",Sweet
LUO SHI TENG,Mildly cold,"Liver meridian,Kidney meridian,Heart meridian","Bitter,Pungent"
MA HUANG,Warm,"Bladder meridian,Lung meridian","Mildly bitter,Pungent"
MA HUANG GEN,Even,Lung meridian,"Sweet,Mildly astringent"
MA BIAN CAO,Cold,"Liver meridian,Spleen meridian","Bitter,Pungent"
MA CHI XIAN,Cold,"Large intestine meridian,Liver meridian",Sour
MA DOU LING,Mildly cold,"Large intestine meridian,Lung meridian",Bitter
MA QIAN ZI,Cold,"Liver meridian,Spleen meridian",Bitter
MAI DONG,Mildly cold,"Lung meridian,Stomach meridian,Heart meridian","Sweet,Mildly bitter"
MAI YA,Even,"Spleen meridian,Stomach meridian",Sweet
MAN SHAN HONG,Cold,Lung meridian,"Bitter,Pungent"
MAN JING ZI,Mildly cold,"Bladder meridian,Liver meridian,Stomach meridian","Bitter,Pungent"
MO YAO,Even,"Liver meridian,Spleen meridian,Heart meridian","Bitter,Pungent"
MEI GUI HUA,Warm,"Liver meridian,Spleen meridian","Sweet,Mildly bitter"
MI MENG HUA,Mildly cold,Liver meridian,Sweet
MIAN BI XIE,Even,"Kidney meridian,Stomach meridian",Bitter
MING DANG SHEN,Mildly cold,"Lung meridian,Liver meridian,Spleen meridian","Sweet,Mildly bitter"
MO HAN LIAN,Cool,"Kidney meridian, Liver meridian","Sweet,Sour"
MU DAN PI,Mildly cold,"Liver meridian,Kidney meridian,Heart meridian","Bitter,Pungent"
MU JING YE,Even,Lung meridian,"Mildly bitter,Pungent"
MU BIE ZI,Cool,"Liver meridian,Spleen meridian,Stomach meridian","Bitter,Mildly sweet"
MU GUA,Warm,"Liver meridian,Spleen meridian",Sour
MU HU DIE,Cool,"Liver meridian,Lung meridian,Stomach meridian","Sweet,Bitter"
MU TONG,Cold,"Bladder meridian,Small intestine meridian,Heart meridianOthers meridian",Bitter
MU XIANG,Warm,"Large intestine meridian,Gallbladder meridian,Spleen meridian,Triple burner meridian,Stomach meridianOthers meridian","Bitter,Pungent"
MU ZEI,Even,"Lung meridian,Liver meridian","Sweet,Bitter"
NAN HE SHI,Even,"Spleen meridian,Stomach meridian","Bitter,Pungent"
NAN WU WEI ZI,Warm,"Lung meridian,Kidney meridian,Heart meridian","Sweet,Sour"
NAO YANG HUA,Warm,Liver meridian,Pungent
NIU BANG ZI,Cold,"Lung meridian,Stomach meridian","Bitter,Pungent"
NIU XI,Even,"Liver meridian,Kidney meridian","Sweet,Bitter,Sour"
NV ZHEN ZI,Cool,"Liver meridian,Kidney meridian","Sweet,Bitter"
OU JIE,Even,"Lung meridian,Liver meridian,Stomach meridian","Sweet,Astringent"
PANG DA HAI,Cold,"Large intestine meridian,Lung meridian",Sweet
PEI LAN,Even,"Lung meridian,Spleen meridian,Stomach meridian",Pungent
PI PA YE,Mildly cold,"Lung meridian,Stomach meridian",Bitter
PIAN TOU QI,Cold,"Liver meridian,Spleen meridian,Kidney meridian","Bitter,Mildly sweet"
PING BEI MU,Mildly cold,"Lung meridian,Heart meridian","Sweet,Bitter"
PU GONG YING,Cold,"Liver meridian,Stomach meridian","Sweet,Bitter"
PU HUANG,Even,"Liver meridian,Pericardium meridianOthers meridian",Sweet
QIAN JIN ZI,Warm,"Large intestine meridian,Liver meridian,Kidney meridian",Pungent
QIAN LI GUANG,Cold,"Lung meridian,Liver meridian",Bitter
QIAN NIU ZI,Cold,"Large intestine meridian,Lung meridian,Kidney meridian",Bitter
QIAN HU,Mildly cold,Lung meridian,"Bitter,Pungent"
QIAN SHI,Even,"Spleen meridian,Kidney meridian","Sweet,Astringent"
QIAN CAO,Cold,Liver meridian,Bitter
QIANG HUO,Warm,"Bladder meridian,Kidney meridian","Bitter,Pungent"
QIN JIAO,Even,"Gallbladder meridian,Liver meridian,Stomach meridian","Bitter,Pungent"
QING FENG TENG,Even,"Liver meridian,Spleen meridian","Bitter,Pungent"
QING GUO,Even,"Lung meridian,Stomach meridian","Sweet,Sour"
QING HAO,Cold,"Gallbladder meridian,Liver meridian","Bitter,Pungent"
QING PI,Warm,"Liver meridian, Gallbladder meridian, Stomach meridian","Bitter,Pungent"
QING XIANG ZI,Mildly cold,Liver meridian,Bitter
QING YE DAN,Cold,"Bladder meridian,Gallbladder meridian,Liver meridian","Sweet,Bitter"
QUAN SHEN,Mildly cold,"Large intestine meridian,Lung meridian,Liver meridian","Bitter,Astringent"
REN SHEN,Mildly warm,"Lung meridian,Spleen meridian,Kidney meridian,Heart meridian","Sweet,Mildly bitter"
REN SHEN YE,Cold,"Lung meridian,Stomach meridian","Sweet,Bitter"
REN DONG TENG,Cold,"Lung meridian,Stomach meridian",Sweet
ROU CONG RONG,Warm,"Large intestine meridian,Kidney meridian","Sweet,Salty"
ROU DOU KOU,Warm,"Large intestine meridian,Spleen meridian,Stomach meridian",Pungent
ROU GUI,Great hot,"Liver meridian,Spleen meridian,Kidney meridian,Heart meridian","Sweet,Pungent"
RU XIANG,Warm,"Liver meridian,Spleen meridian,Heart meridian","Bitter,Pungent"
SAN BAI CAO,Cold,"Bladder meridian,Lung meridian","Sweet,Pungent"
SAN KE ZHEN,Cold,"Large intestine meridian,Liver meridian,Stomach meridian",Bitter
SAN LENG,Even,"Liver meridian,Spleen meridian","Bitter,Pungent"
SAN QI,Warm,"Liver meridian,Stomach meridian","Sweet,Mildly bitter"
SANG BAI PI,Cold,Lung meridian,Sweet
SANG JI SHENG,Even,"Liver meridian,Kidney meridian","Sweet,Bitter"
SANG YE,Cold,"Lung meridian,Liver meridian","Sweet,Bitter"
SANG ZHI,Even,Liver meridian,Mildly bitter
SHA REN,Warm,"Spleen meridian,Kidney meridian,Stomach meridian",Pungent
SHAN CI GU,Cool,"Liver meridian,Spleen meridian","Sweet,Mildly pungent"
SHAN DOU GEN,Cold,"Lung meridian,Stomach meridian",Bitter
SHAN NAI,Cold,"Lung meridian,Liver meridian",Bitter
SHAN YAO,Even,"Lung meridian,Spleen meridian,Kidney meridian",Sweet
SHAN ZHA,Mildly warm,"Liver meridian,Spleen meridian,Stomach meridian","Sweet,Sour"
SHAN ZHU YU,Mildly warm,"Liver meridian,Kidney meridian","Astringent,Sour"
SHANG LU,Cold,"Large intestine meridian,Lung meridian,Spleen meridian,Kidney meridian",Bitter
SHE CHUANG ZI,Warm,Kidney meridian,"Bitter,Pungent"
SHE GAN,Cold,Lung meridian,Bitter
SHENG MA,Mildly cold,"Large intestine meridian,Lung meridian,Spleen meridian,Stomach meridian","Mildly sweet,Pungent"
SHENG JIANG,Mildly warm,"Lung meridian,Spleen meridian,Stomach meridian",Pungent
SHI CAO,Even,"Bladder meridian,Lung meridian,Spleen meridian","Bitter,Sour"
SHI CHANG PU,Warm,"Stomach meridian,Heart meridian","Bitter,Pungent"
SHI DIAO LAN,Warm,Lung meridian,Bitter
SHI HU,Mildly cold,"Stomach meridian,Triple burner meridian,Kidney meridianOthers meridian",Sweet
SHI LIU PI,Warm,Large intestine meridian,"Astringent,Sour"
SHI WEI,Mildly cold,"Bladder meridian,Lung meridian","Sweet,Bitter"
SHI JUN ZI,Warm,"Spleen meridian,Stomach meridian",Sweet
SHI DI,Even,Stomach meridian,"Bitter,Astringent"
SHUI FEI JI,Cool,"Gallbladder meridian,Liver meridian",Bitter
SI GUA LUO,Even,"Lung meridian,Liver meridian,Stomach meridian",Sweet
SI JI QING,Cool,"Bladder meridian,Large intestine meridian,Lung meridian","Bitter,Astringent"
SU HE XIANG,Warm,"Spleen meridian,Heart meridian",Pungent
SU MU,Even,"Liver meridian,Spleen meridian,Heart meridian","Sweet,Salty"
SUAN ZAO REN,Even,"Gallbladder meridian,Liver meridian,Heart meridian","Sweet,Sour"
SUO LUO ZI,Warm,"Liver meridian,Stomach meridian",Sweet
SUO YANG,Warm,"Large intestine meridian,Liver meridian,Kidney meridian",Sweet
TAI ZI SHEN,Even,"Lung meridian,Spleen meridian","Sweet,Mildly bitter"
TAN XIANG,Warm,"Lung meridian,Spleen meridian,Stomach meridian,Heart meridian",Pungent
TAO REN,Even,"Large intestine meridian,Liver meridian,Heart meridian","Sweet,Bitter"
TAO ZHI,Even,"Liver meridian,Heart meridian",Bitter
TIAN DONG,Cold,"Lung meridian,Kidney meridian","Sweet,Bitter"
TIAN HUA FEN,Mildly cold,"Lung meridian,Stomach meridian","Sweet,Mildly bitter"
TIAN MA,Even,Liver meridian,Sweet
TIAN NAN XING,Warm,"Lung meridian,Liver meridian,Spleen meridian","Bitter,Pungent"
TIAN XIAN TENG,Warm,"Liver meridian,Spleen meridian,Kidney meridian",Bitter
TIAN XIAN ZI,Warm,"Liver meridian,Stomach meridian,Heart meridian","Bitter,Pungent"
TIAN ZHU HUANG,Cool,"Heart meridian, Liver meridian",Sweet
TING LI ZI,Great cold,"Bladder meridian,Lung meridian","Bitter,Pungent"
TU BEI MU,Mildly cold,"Lung meridian,Spleen meridian",Bitter
TU FU LING,Even,"Liver meridian,Stomach meridian","Bland,Sweet"
TU JING PI,Warm,"Lung meridian,Spleen meridian",Pungent
TU MU XIANG,Warm,"Liver meridian,Spleen meridian","Bitter,Pungent"
TU SI ZI,Even,"Liver meridian,Spleen meridian,Kidney meridian","Sweet,Pungent"
WANG BU LIU XING,Even,"Liver meridian,Stomach meridian",Bitter
WEI LING XIAN,Warm,Bladder meridian,"Salty,Pungent"
WEI LING CAI,Cold,"Large intestine meridian,Liver meridian",Bitter
WU MEI,Even,"Large intestine meridian,Lung meridian,Liver meridian,Spleen meridian","Astringent,Sour"
WU YAO,Warm,"Bladder meridian,Lung meridian,Spleen meridian,Kidney meridian",Pungent
WU ZHU YU,Hot,"Liver meridian,Spleen meridian,Kidney meridian,Stomach meridian","Bitter,Pungent"
WU JIA PI,Warm,"Liver meridian, Kidney meridian","Pungent,Bitter,Sweet"
WU WEI ZI,Warm,"Lung meridian,Kidney meridian,Heart meridian","Sweet,Sour"
XI YANG SHEN,Cool,"Lung meridian,Kidney meridian,Heart meridian","Sweet,Mildly bitter"
XI MING,Mildly cold,"Large intestine meridian,Liver meridian,Stomach meridian",Pungent
XI XIAN CAO,Cold,"Liver meridian,Kidney meridian","Bitter,Pungent"
XI XIN,Warm,"Lung meridian,Kidney meridian,Heart meridian",Pungent
XIA KU CAO,Cold,"Gallbladder meridian,Liver meridian","Bitter,Pungent"
XIA TIAN WU,Warm,Liver meridian,"Bitter,Mildly pungent"
XIAN HE CAO,Even,"Liver meridian,Heart meridian","Bitter,Astringent"
XIAN MAO,Hot,"Liver meridian,Spleen meridian,Kidney meridian",Pungent
XIANG FU,Even,"Liver meridian,Spleen meridian,Triple burner meridianOthers meridian","Mildly sweet,Mildly bitter,Pungent"
XIANG JIA PI,Warm,"Liver meridian,Kidney meridian,Heart meridian","Bitter,Pungent"
XIANG RU,Mildly warm,"Lung meridian,Stomach meridian",Pungent
XIANG YUAN,Warm,"Lung meridian,Liver meridian,Spleen meridian","Bitter,Sour,Pungent"
XIAO HUI XIANG,Warm,"Liver meridian,Spleen meridian,Kidney meridian,Stomach meridian",Pungent
XIAO JI,Cool,"Liver meridian,Heart meridian","Sweet,Bitter"
XIE BAI,Warm,"Large intestine meridian,Lung meridian,Stomach meridian,Heart meridian","Bitter,Pungent"
XIN YI,Warm,"Lung meridian,Stomach meridian",Pungent
XU CHANG QING,Warm,"Liver meridian,Stomach meridian",Pungent
XU DUAN,Mildly warm,"Liver meridian,Kidney meridian","Bitter,Pungent"
XUAN SHEN,Mildly cold,"Lung meridian,Kidney meridian,Stomach meridian","Sweet,Bitter,Salty"
XUAN FU HUA,Mildly warm,"Large intestine meridian,Lung meridian,Spleen meridian,Stomach meridian","Bitter,Salty,Pungent"
XUE JIE,Even,"Liver meridian,Heart meridian","Sweet,Salty"
YA DAN ZI,Cold,"Large intestine meridian,Liver meridian",Bitter
YA ZHI CAO,Cold,"Lung meridian,Stomach meridian,Small intestine meridianOthers meridian","Bland,Sweet"
YA MA ZI,Even,"Large intestine meridian,Lung meridian,Liver meridian",Sweet
YAN HU SUO,Warm,"Liver meridian,Spleen meridian","Bitter,Pungent"
YAN BAI CAI,Even,"Lung meridian,Liver meridian,Spleen meridian","Bitter,Astringent"
YANG JIN HUA,Warm,"Lung meridian,Liver meridian",Pungent
YAO WANG CHA,Even,"Heart meridian,liver and spleen meridiansOthers meridian",Mildly sweet
YE JU HUA,Mildly cold,"Liver meridian,Heart meridian","Bitter,Pungent"
YE MU GUA,Even,"Liver meridian,Stomach meridian",Mildly bitter
YI ZHI HUANG HUA,Cool,"Lung meridian,Liver meridian","Bitter,Pungent"
YI BEI MU,Mildly cold,"Lung meridian,Heart meridian","Sweet,Bitter"
YI MU CAO,Mildly cold,"Bladder meridian,Liver meridian,Pericardium meridianOthers meridian","Bitter,Pungent"
YI ZHI,Warm,"Spleen meridian,Kidney meridian",Pungent
YI YI REN,Cool,"Lung meridian,Spleen meridian,Stomach meridian","Bland,Sweet"
YIN CHEN,Mildly cold,"Gallbladder meridian,Liver meridian,Spleen meridian,Stomach meridian","Bitter,Pungent"
YIN CHAI HU,Mildly cold,"Liver meridian,Stomach meridian",Sweet
YIN YANG HUO,Warm,"Liver meridian,Triple burner meridian,Kidney meridianOthers meridian","Sweet,Mildly bitter,Pungent"
YING SU KE,Even,"Large intestine meridian,Lung meridian,Kidney meridian","Astringent,Sour"
YU XING CAO,Mildly cold,Lung meridian,Pungent
YU ZHU,Mildly cold,"Lung meridian,Stomach meridian",Sweet
YU JIN,Cold,"Lung meridian,Liver meridian,Heart meridian","Bitter,Pungent"
YU LI REN,Even,"Large intestine meridian,Spleen meridian,Small intestine meridianOthers meridian","Sweet,Bitter,Pungent"
YU ZHI ZI,Cold,"Bladder meridian,Gallbladder meridian,Liver meridian,Stomach meridian",Bitter
YUAN HUA,Warm,"Lung meridian,Spleen meridian,Kidney meridian","Bitter,Pungent"
YUAN ZHI,Warm,"Lung meridian,Kidney meridian,Heart meridian","Bitter,Pungent"
YUE JI HUA,Warm,Liver meridian,"Sweet,Mildly bitter"
ZAO JIAO CI,Warm,"Liver meridian,Stomach meridian",Pungent
ZE LAN,Mildly warm,"Liver meridian,Spleen meridian","Bitter,Pungent"
ZE XIE,Cold,"Bladder meridian,Kidney meridian","Bland,Sweet"
ZHE BEI MU,Cold,"Lung meridian,Heart meridian",Bitter
ZHI MU,Cold,"Lung meridian,Kidney meridian,Stomach meridian","Sweet,Bitter"
ZHI ZI,Cold,"Lung meridian,Triple burner meridian,Heart meridianOthers meridian",Bitter
ZHI ZHU XIANG,Warm,"Spleen meridian,Stomach meridian,Heart meridian","Mildly bitter,Pungent"
ZHI QIAO,Mildly cold,"Spleen meridian,Stomach meridian","Bitter,Sour,Pungent"
ZHI SHI,Mildly cold,"Spleen meridian,Stomach meridian","Bitter,Sour,Pungent"
ZHONG JIE FENG,Even,"Liver meridian,Heart meridian","Bitter,Pungent"
ZHU SHA GEN,Even,"Lung meridian,Liver meridian","Mildly bitter,Pungent"
ZHU ZI SHEN,Cold,"Lung meridian,Liver meridian,Stomach meridian","Mildly sweet,Bitter"
ZHU YA ZAO,Warm,"Lung meridian, Large intestine meridian","Pungent,Salty"
ZHU GEN QI,Cold,"Liver meridian,Spleen meridian,Kidney meridian","Bitter,Mildly sweet"
ZHU RU,Mildly cold,"Gallbladder meridian,Lung meridian,Stomach meridian,Heart meridian",Sweet
ZHUI FENG QI （LAN BU ZHENG ）,Cool,"Lung meridian,Liver meridian,Spleen meridian","Sweet,Mildly bitter"
ZI CAO,Cold,"Liver meridian,Heart meridian","Sweet,Salty"
ZI HUA DI DING,Cold,"Liver meridian,Heart meridian","Bitter,Pungent"
ZI SU GENG,Warm,"Lung meridian,Spleen meridian",Pungent
ZI SU YE,Warm,"Lung meridian,Spleen meridian",Pungent
ZI SU ZI,Warm,Lung meridian,Pungent
ZI WAN,Warm,Lung meridian,"Bitter,Pungent"
ZONG LV,Even,"Large intestine meridian,Lung meridian,Liver meridian","Bitter,Astringent"
